Ime,Starost,Poklic
Ariana Grande,31,Pop Singer
Andrew Davila,24,YouTube Star
Jacob Elordi,27,Movie Actor
Jennette McCurdy,32,TV Actress
King Bach,36,TV Actor
Amanda Cerny,33,YouTube Star
Mikey Williams,20,Basketball Player
Rucrew Mya,17,Instagram Star
Aubrey Plaza,40,TV Actress
Wonhee,17,Pop Singer
Samantha Sharpe,29,TikTok Star
Isaac Johnston,16,YouTube Star
Sara James,27,YouTube Star
Indila,40,R&B Singer
Cassie Hollister,27,Instagram Star
Cristian Llama,38,Soccer Player
Chiquis,39,World Music Singer
Derek Jeter,50,Baseball Player
Drew Monson,29,YouTube Star
Natalia Taylor,28,YouTube Star
Cuco,26,Pop Singer
CeyNoLimit,29,YouTube Star
Izzy Life with Brothers,16,YouTube Star
Wyatt McClure,16,TV Actor
Carew Ellington,22,TikTok Star
Iman Shumpert,34,Basketball Player
Ashton Ray,21,TikTok Star
Coco Star,21,YouTube Star
Ariyan Ros√©,26,YouTube Star
Ryan Tedder,45,Pop Singer
Michael Vick,44,Football Player
Messiah Dixon,22,TikTok Star
Dustin Martin,33,Australian Rules Footballer
Shannon Sharpe,56,Football Player
Angelina Pivarnick,38,Reality Star
Harley Quinn Smith,25,Movie Actress
Andrew Lowe,27,YouTube Star
ShadyPenguinn,33,YouTube Star
Ryan Abe,34,YouTube Star
Rudy Gobert,32,Basketball Player
Robert Carroll,25,TikTok Star
Robert Davi,71,Movie Actor
Baby Gang,23,Rapper
Nick Offerman,54,TV Actor
Chris O'Donnell,54,Movie Actor
Jason Schwartzman,44,Movie Actor
YoungLo,23,TikTok Star
DeAndre Brown,25,TikTok Star
